"","player_name","pitch_type","meanxrelease","meanyrelease","meanspinrate","meanvelocity"
"1","Abbott, Cory","FF",-2.60467136150235,5.48415492957746,2253.98356807512,91.3577464788732
"2","Abreu, Albert","SI",-1.70720116618076,5.69020408163265,2200.40816326531,98.5489795918367
"3","Abreu, Bryan","FF",-1.8700871459695,5.77326797385621,2311.62962962963,97.1930283224401
"4","Acevedo, Domingo","FF",-1.87302600472813,5.3987706855792,2118.01182033097,93.0236406619385
"5","Adam, Jason","FF",-1.65152317880795,5.8423178807947,2654.26821192053,94.7841059602649
"6","Adon, Joan","FF",-2.52059202059202,6.0349806949807,2186.12741312741,94.9774774774775
"7","Alcantara, Sandy","FF",-2.11169117647059,6.04436274509804,2199.77328431373,97.9626225490196
"8","Alcantara, Sandy","SI",-2.16088198757764,6.03377639751553,2293.17639751553,97.8018633540373
"9","Alexander, Jason","SI",-2.37042553191489,5.36946808510638,2062.46352583587,92.3864741641337
"10","Almonte, Yency","SI",-1.62613924050633,5.69816455696203,2132.31012658228,95.7867088607595
"11","Anderson, Chase","FF",-1.07732824427481,5.97282442748092,2162.54961832061,91.9595419847328
"12","Anderson, Ian","FF",-1.4995,6.24447916666667,1937.60625,93.9885416666667
"13","Appel, Mark","SI",-1.16151785714286,6.06241071428571,1892.34821428571,94.9660714285714
"14","Arano, Víctor","SI",-2.0683904109589,5.86,2122.12671232877,93.9256849315069
"15","Archer, Chris","FF",-1.24728840125392,6.2132131661442,2174.23510971787,93.0308777429467
"16","Armstrong, Shawn","FC",-1.95483443708609,5.93721854304636,2459.83112582781,92.264238410596
"17","Armstrong, Shawn","FF",-2.01660066006601,5.88366336633663,2302.05280528053,95.3300330033003
"18","Armstrong, Shawn","SI",-2.04337801608579,5.82471849865952,2150.52815013405,95.569436997319
"19","Ashcraft, Graham","FC",-1.18093160377358,6.30456367924528,2382.95283018868,97.2665094339623
"20","Ashcraft, Graham","SI",-1.5286646884273,5.99857566765579,2182.82492581602,97.060237388724
"21","Assad, Javier","FC",-1.98849462365591,5.83397849462366,2134.47849462366,88.108064516129
"22","Assad, Javier","FF",-1.8330612244898,5.92006802721088,2211.38095238095,92.8931972789116
"23","Assad, Javier","SI",-1.75762790697674,5.94697674418605,2003.82325581395,92.346511627907
"24","Baker, Bryan","FF",-0.660723981900452,6.56621417797888,2334.6802413273,96.2027149321267
"25","Bard, Daniel","SI",-1.90877510040161,5.77333333333333,2507.78514056225,98.0248995983936
"26","Barlow, Joe","FF",-0.122960526315789,5.8208552631579,2330.59210526316,94.5644736842105
"27","Barlow, Scott","FF",-1.95586805555556,5.16309027777778,2394.09375,93.5875
"28","Barnes, Jacob","FC",-1.96758169934641,5.67202614379085,2323.45098039216,88.9607843137255
"29","Barnes, Jacob","FF",-1.88462427745665,5.7685549132948,2405.64739884393,95.2028901734104
"30","Barnes, Matt","FF",-1.65682389937107,6.12814465408805,2249.33018867925,94.9792452830189
"31","Barría, Jaime","FF",-1.76216101694915,6.5539406779661,2273.16101694915,92.0080508474576
"32","Barría, Jaime","SI",-1.73532019704434,6.53950738916256,2148.15270935961,91.7527093596059
"33","Bass, Anthony","SI",-1.42324414715719,5.86153846153846,1990.25752508361,95.3749163879599
"34","Bassitt, Chris","FC",-1.21744466800805,5.57551307847083,2262,89.0344064386318
"35","Bassitt, Chris","FF",-1.26696569920844,5.5188654353562,2191.03166226913,93.2255936675462
"36","Bassitt, Chris","SI",-1.19787564766839,5.56911917098446,2117.62176165803,92.7761658031088
"37","Baumann, Mike","FF",-1.71707581227437,6.42039711191336,2195.76173285199,95.7823104693141
"38","Bautista, Félix","FF",-0.527651888341544,7.03832512315271,2340.74384236453,99.1559934318555
"39","Baz, Shane","FF",-1.54331460674157,5.88370786516854,2429.39325842697,95.9831460674157
"40","Beasley, Jeremy","FF",-1.79632530120482,5.86969879518072,2440.23493975904,95.3993975903614
"41","Bednar, David","FF",-2.20984444444444,5.88195555555556,2297.78,96.4231111111111
"42","Beede, Tyler","FF",-2.05086614173228,5.42708661417323,2080.92519685039,95.7606299212598
"43","Beede, Tyler","SI",-1.64459677419355,5.35633064516129,2126.86290322581,95.6237903225806
"44","Bellatti, Andrew","FF",-1.64146529562982,5.47632390745501,2436.47300771208,94.3516709511568
"45","Bello, Brayan","FF",-1.91440860215054,5.52263440860215,2202.16129032258,96.958064516129
"46","Bello, Brayan","SI",-2.09452991452991,5.32806267806268,2122.41025641026,96.3219373219373
"47","Bender, Anthony","SI",-1.242125,5.8834375,2230.95625,97.641875
"48","Berríos, José","FF",-2.76629287598945,5.45503957783641,2241.25197889182,93.9877308707124
"49","Berríos, José","SI",-2.79267425320057,5.47631578947368,2114.87624466572,93.878093883357
"50","Bickford, Phil","FF",-2.49945022288261,5.10421991084695,2360.83655274889,94.1212481426449
"51","Bieber, Shane","FC",-1.39377870563674,5.55789144050104,2493.7745302714,86.8801670146138
"52","Bieber, Shane","FF",-1.24302618816683,5.59984481086324,2205.45586808923,91.2793404461688
"53","Bird, Jake","FC",-2.50112299465241,5.33951871657754,2354.08556149733,91.3582887700535
"54","Bird, Jake","SI",-2.57582750582751,5.24137529137529,1951.29603729604,95.0158508158508
"55","Blackburn, Paul","FC",-1.76565597667638,5.98049562682216,2484.16618075802,87.1416909620991
"56","Blackburn, Paul","FF",-1.74318181818182,5.96555555555556,2134.95454545455,91.539393939394
"57","Blackburn, Paul","SI",-1.74621890547264,5.9381592039801,2000.84245439469,91.7157545605307
"58","Bolaños, Ronald","SI",-1.96477477477477,6.18432432432432,2199.95495495496,93.1054054054054
"59","Boxberger, Brad","FF",-1.42113522537563,5.79409015025042,2385.22203672788,92.7081803005008
"60","Bradish, Kyle","FF",-1.69735593220339,6.40442937853107,2305.37853107345,94.6306214689265
"61","Brash, Matt","FF",-2.35912912912913,5.25078078078078,2233.41741741742,96.8753753753754
"62","Brasier, Ryan","FF",-1.54666666666667,5.68549425287356,2269.70574712644,95.8565517241379
"63","Brasier, Ryan","SI",-1.43631578947368,5.64429824561403,2230.4298245614,96.1438596491228
"64","Brazoban, Huascar","FC",-1.73170454545455,5.8532196969697,2362.65151515152,87.6901515151515
"65","Brazoban, Huascar","FF",-1.66980132450331,5.76271523178808,2232.21854304636,97.2993377483444
"66","Brebbia, John","FF",-1.83958250497018,5.8368787276342,2308.79920477137,94.368787276342
"67","Brieske, Beau","FF",-0.930555555555556,6.07523569023569,2374.54545454545,94.3011784511784
"68","Brigham, Jeff","FF",-2.18747191011236,5.64213483146067,2276.26404494382,94.4702247191011
"69","Brogdon, Connor","FC",-2.64079545454545,5.70642045454545,2375.80113636364,88.3090909090909
"70","Brogdon, Connor","FF",-2.55735682819383,5.85145374449339,2294.46696035242,95.1242290748899
"71","Brown, Hunter","FF",-1.30648148148148,6.17901234567901,2262.36419753086,96.5506172839506
"72","Brubaker, JT","FF",-2.27765957446808,6.24914893617021,2156.12765957447,92.7432624113475
"73","Brubaker, JT","SI",-2.32864729458918,6.16457915831663,2281.36172344689,93.1347695390781
"74","Buehler, Walker","FC",-0.953474903474903,5.52945945945946,2411.20077220077,91.5015444015444
"75","Buehler, Walker","FF",-0.879776536312849,5.61765363128492,2266.82960893855,95.1896648044693
"76","Bundy, Dylan","FF",-1.68276300578035,6.11395375722543,2352.41849710983,89.0005780346821
"77","Bundy, Dylan","SI",-1.7481045751634,6.18084967320261,2194.39869281046,89.7287581699346
"78","Burnes, Corbin","FC",-0.65941565600882,5.95013781697905,2625.63836824697,95.0511025358324
"79","Burnes, Corbin","SI",-0.542981651376147,5.98816513761468,2495.22935779816,96.2752293577982
"80","Bush, Matt","FC",-1.09122448979592,5.4369387755102,2615.71428571429,92.9455782312925
"81","Bush, Matt","FF",-0.934195011337868,5.51721088435374,2526.21995464853,97.3204081632653
"82","Cabrera, Edward","FF",-1.85204081632653,6.10926530612245,2288.81224489796,96.0408163265306
"83","Cabrera, Edward","SI",-1.76721428571429,6.15292857142857,2257.97142857143,95.7564285714286
"84","Cano, Yennier","SI",-2.16348101265823,5.3,2229.46835443038,95.3272151898734
"85","Carrasco, Carlos","FF",-1.28937866354045,5.75792497069168,2282.93786635404,93.1909730363423
"86","Carrasco, Carlos","SI",-1.36202898550725,5.68981884057971,2161.04710144928,91.8960144927536
"87","Castellanos, Humberto","SI",-2.29276859504132,4.88256198347107,2030.27685950413,90.4132231404959
"88","Castillo, Diego","SI",-0.838853754940711,5.79237154150198,1997.52964426877,95.1324110671937
"89","Castillo, Luis","FF",-2.7479258400927,5.28319814600232,2358.85863267671,97.1976825028969
"90","Castillo, Luis","SI",-2.76938366718028,5.21268104776579,2157.52388289676,96.7835130970724
"91","Castillo, Max","FF",-2.93444444444444,5.99066066066066,2192.5015015015,92.975975975976
"92","Castro, Anthony","FF",-3.11281553398058,5.44611650485437,2413.60194174757,94.8203883495146
"93","Castro, Kervin","FF",-1.18227272727273,5.86416666666667,2368.99242424242,92.5575757575758
"94","Castro, Miguel","SI",-2.25765957446808,4.88755319148936,2128.26595744681,97.8765957446809
"95","Cease, Dylan","FF",-1.32661563255439,6.39735697018533,2507.25785656728,96.7917002417405
"96","Cessa, Luis","FF",-0.912168674698795,6.05763052208835,2296.73092369478,93.266265060241
"97","Cessa, Luis","SI",-0.865338345864662,6.05432330827068,2191.20676691729,93.6172932330827
"98","Chacín, Jhoulys","SI",-1.06654804270463,6.10455516014235,2303.90391459075,92.9092526690391
"99","Chargois, JT","SI",-2.01820512820513,5.25841025641026,2228.50256410256,96.4923076923077
"100","Chavez, Jesse","FC",-1.68798008534851,4.92608819345661,2223.33001422475,89.1108108108108
"101","Chavez, Jesse","SI",-1.57101910828025,5.00165605095541,1973.58598726115,91.2563694267516
"102","Cimber, Adam","FF",-4.10919667590028,2.13036011080332,2171.69529085873,86.4434903047091
"103","Cimber, Adam","SI",-4.08685064935065,2.09194805194805,2139.72402597403,86.487987012987
"104","Cishek, Steve","FF",-3.33935103244838,4.35648967551622,2380.89970501475,89.2873156342183
"105","Cishek, Steve","SI",-3.38318987341772,4.23091139240506,2284.71139240506,89.8217721518987
"106","Cisnero, José","FF",-1.59019607843137,5.30732026143791,2456.1568627451,95.5333333333333
"107","Cisnero, José","SI",-1.65294964028777,5.25467625899281,2252.19424460432,95.1374100719424
"108","Civale, Aaron","FC",-0.785138121546961,6.30025782688766,2612.46961325967,86.3561694290976
"109","Civale, Aaron","FF",-0.856762589928058,6.23510791366907,2353.76258992806,90.7352517985612
"110","Civale, Aaron","SI",-0.741947674418605,6.15040697674419,2312.11046511628,91.2598837209302
"111","Clarke, Taylor","FF",-1.0007967032967,6.09046703296703,2267.82417582418,95.6269230769231
"112","Clase, Emmanuel","FC",-0.769491833030853,6.10724137931035,2653.29945553539,99.5065335753176
"113","Clevinger, Mike","FC",-1.59790780141844,5.46897163120567,2471.54964539007,86.636524822695
"114","Clevinger, Mike","FF",-1.64866855524079,5.3914164305949,2300.5835694051,93.628611898017
"115","Clevinger, Mike","SI",-1.61006944444444,5.30690972222222,2241.80902777778,93.1753472222222
"116","Cobb, Alex","SI",-1.89119683481701,5.7613353115727,2090.56083086053,94.8115727002967
"117","Cole, Gerrit","FC",-1.93274038461538,5.71105769230769,2484.59134615385,92.025
"118","Cole, Gerrit","FF",-1.79088339222615,5.78202591283863,2428.01060070671,97.7726737338045
"119","Coleman, Dylan","FF",-2.11267355982275,5.90890694239291,2446.83013293944,97.5505169867061
"120","Colomé, Alex","FC",-1.45530973451327,6.25942477876106,2152.99852507375,90.7961651917404
"121","Colomé, Alex","FF",-1.168,6.34656,2125.344,94.496
"122","Contreras, Roansy","FF",-0.868285714285714,5.88735064935065,2389.45974025974,95.6035064935065
"123","Cotton, Jharel","FF",-1.33622356495468,6.1897583081571,2262.96978851964,92.7018126888217
"124","Cousins, Jake","SI",-3.66052173913043,5.46660869565217,2259.73913043478,95.6513043478261
"125","Crawford, Kutter","FC",-2.05665853658537,5.96151219512195,2422.73902439024,88.7424390243903
"126","Crawford, Kutter","FF",-1.91799599198397,6.03735470941884,2419.95991983968,94.5595190380761
"127","Crick, Kyle","SI",-1.3818691588785,5.05336448598131,2140.85046728972,92.1420560747664
"128","Crismatt, Nabil","FF",-2.16785425101215,5.56769230769231,2153.67611336032,90.5157894736842
"129","Crowe, Wil","FF",-1.90095022624434,6.14217194570136,2477.93665158371,95.072850678733
"130","Crowe, Wil","SI",-1.92362416107383,6.10942953020134,2268.63758389262,94.3798657718121
"131","Cuas, Jose","SI",-4.36921985815603,4.01070921985816,2464.3451536643,93.086524822695
"132","Cueto, Johnny","FC",-2.7165376344086,5.55417204301075,2177.33333333333,86.9094623655914
"133","Cueto, Johnny","FF",-2.50603896103896,5.61002164502164,2190.48051948052,91.4034632034632
"134","Cueto, Johnny","SI",-2.52377019748653,5.6556552962298,2110.03590664273,91.4078994614004
"135","Cyr, Tyler","FF",-0.963207547169811,6.29,2148.92452830189,94.4443396226415
"136","Danish, Tyler","SI",-2.05318181818182,5.11772727272727,1802.05371900826,90.8677685950413
"137","Darvish, Yu","FC",-2.34712121212121,5.42356060606061,2576.11363636364,90.6606060606061
"138","Darvish, Yu","FF",-2.21419108280255,5.45898089171975,2414.82165605096,94.9108280254777
"139","Darvish, Yu","SI",-2.32826923076923,5.34011538461538,2274.22692307692,94.6815384615385
"140","Davies, Zach","FC",-1.675,5.54636363636364,2147.62121212121,87.6143939393939
"141","Davies, Zach","SI",-1.46546925566343,5.60261326860841,2084.29530744337,89.5640776699029
"142","De Jesus, Angel","SI",-2.25716981132075,5.41896226415094,2218.07547169811,94.272641509434
"143","De Jong, Chase","FF",-0.781261425959781,6.19842778793419,2411.7294332724,92.8239488117002
"144","De Los Santos, Enyel","FF",-2.03014028056112,5.57264529058116,2250.57715430862,95.2925851703407
"145","De Los Santos, Yerry","SI",-2.06128301886792,5.85694339622642,2196.7358490566,95.2728301886793
"146","Devenski, Chris","FF",-0.35752380952381,6.57028571428571,2179.44761904762,94.2714285714286
"147","Domínguez, Seranthony","FF",-2.17451298701299,5.4875974025974,2357.32142857143,97.6363636363636
"148","Domínguez, Seranthony","SI",-2.16392452830189,5.48875471698113,2311.70943396226,98.2437735849057
"149","Doval, Camilo","FC",-1.82317507418398,5.23709198813056,2531.20771513353,99.4406528189911
"150","Doval, Camilo","SI",-1.77305555555556,5.25680555555556,2471.86111111111,98.3802083333333
"151","Duffey, Tyler","FF",-2.37179487179487,6.08981684981685,2275.54578754579,92.2666666666667
"152","Duffey, Tyler","SI",-2.84745283018868,5.87132075471698,2402.09433962264,92.4207547169811
"153","Dunn, Justin","FF",-1.04883620689655,5.64586206896552,2227.82327586207,92.2025862068966
"154","Dunning, Dane","FC",-2.56407284768212,5.4808940397351,2157.90728476821,87.1062913907285
"155","Dunning, Dane","SI",-2.57731034482759,5.45901477832512,2003.70738916256,89.4841379310345
"156","Duran, Jhoan","FF",-1.97171597633136,6.07102564102564,2171.63905325444,100.805128205128
"157","Díaz, Alexis","FF",-1.9313963963964,4.83750750750751,2655.56306306306,95.6812312312312
"158","Díaz, Edwin","FF",-2.2812853470437,4.84028277634961,2352.17480719794,99.0814910025707
"159","Edwards Jr., Carl","FF",-1.96406976744186,6.36765988372093,2522.13372093023,94.6356104651163
"160","Effross, Scott","SI",-4.32086956521739,3.72144927536232,2216.42391304348,90.3246376811594
"161","Eflin, Zach","FC",-2.84398907103825,5.77644808743169,2152.81420765027,89.9841530054645
"162","Eflin, Zach","FF",-2.69595744680851,5.75175531914894,2177.01063829787,93.0808510638298
"163","Eflin, Zach","SI",-2.79094845360825,5.76222680412371,2049.43505154639,92.7265979381443
"164","Elder, Bryce","FF",-1.26141975308642,6.39876543209877,2153.69135802469,90.5141975308642
"165","Elder, Bryce","SI",-1.4166846361186,6.41385444743935,1969.53099730458,90.6522911051213
"166","Eovaldi, Nathan","FC",-2.37,5.54977142857143,2376.39428571429,90.5617142857143
"167","Eovaldi, Nathan","FF",-2.41529235382309,5.3996251874063,2127.57871064468,95.7379310344828
"168","Espino, Paolo","FF",-1.5302447163515,5.80622914349277,2228.27474972191,88.5093437152392
"169","Espinoza, Anderson","FF",-2.0035864978903,6.03582278481013,1903.56962025316,93.8856540084388
"170","Estévez, Carlos","FF",-1.9369625520111,5.72829403606103,2240.86685159501,97.5153952843273
"171","Faedo, Alex","FF",-1.91974051896208,6.57007984031936,2180.09580838323,92.7299401197605
"172","Fairbanks, Pete","FF",-0.265046296296296,6.98680555555556,2514.81944444444,98.9625
"173","Familia, Jeurys","FF",-1.47442211055276,6.21427135678392,2297.20603015075,95.4
"174","Familia, Jeurys","SI",-1.4659151193634,6.26681697612732,2190.97082228117,95.2172413793104
"175","Farmer, Buck","FF",-1.19380434782609,5.93991847826087,2325.04347826087,94.6252717391304
"176","Farrell, Luke","FF",-1.52746376811594,6.5795652173913,2326.65217391304,91.0869565217391
"177","Faucher, Calvin","SI",-1.39256983240223,6.12458100558659,2260.91061452514,95.3391061452514
"178","Fedde, Erick","FC",-1.75224550898204,5.70709580838323,2123.42964071856,89.1634730538922
"179","Fedde, Erick","SI",-1.50314432989691,5.82463917525773,1876.78350515464,92.5486597938144
"180","Feltner, Ryan","FF",-1.94035593220339,5.22859322033898,2345.60338983051,94.5205084745763
"181","Feltner, Ryan","SI",-1.97665680473373,5.19594674556213,2304.63905325444,93.5417159763314
"182","Fernández, Junior","SI",-1.52578571428571,6.07392857142857,2059.32142857143,98.7014285714286
"183","Festa, Matt","FF",-2.08287564766839,4.97992227979275,2331.9689119171,92.5626943005181
"184","Feyereisen, J.P.","FF",-0.244901960784314,6.50856209150327,2345.13071895425,92.2411764705882
"185","Finnegan, Kyle","SI",-1.71650966183575,5.70462560386473,2069.05314009662,97.0248792270531
"186","Flaherty, Jack","FF",-2.40203761755486,5.30344827586207,2280.47962382445,93.3078369905956
"187","Flexen, Chris","FC",-0.910433566433566,6.94525874125874,2355.45874125874,87.3986013986014
"188","Flexen, Chris","FF",-0.857215189873418,6.96475258918297,2132.04487917146,91.6810126582278
"189","Floro, Dylan","FF",-3.44834782608696,6.06913043478261,2176.90434782609,92.4286956521739
"190","Floro, Dylan","SI",-3.40288461538462,6.11182692307692,2127.67628205128,92.6160256410256
"191","Foley, Jason","SI",-2.00628424657534,5.6485102739726,2033.67123287671,96.2693493150685
"192","Foster, Matt","FF",-1.192325,5.99605,2242.945,93.69675
"193","Frías, Luis","FF",-1.23463963963964,6.50752252252252,2230.51351351351,96.9292792792793
"194","Fulmer, Michael","FC",-2.29498484848485,5.95489393939394,2414.47727272727,90.2571212121212
"195","Fulmer, Michael","FF",-2.27723926380368,5.95687116564417,2301.55828220859,94.1754601226994
"196","Fulmer, Michael","SI",-2.31177777777778,5.8557037037037,2187.80740740741,94.4666666666667
"197","Gallegos, Giovanny","FF",-1.67024948024948,6.80775467775468,2386.69854469854,94.2841995841996
"198","Gallen, Zac","FC",-2.91577011494253,5.90606896551724,2424.17471264368,89.9328735632184
"199","Gallen, Zac","FF",-2.81987206823028,5.94958066808813,2420.25373134328,94.1145700071073
"200","Garcia, Bryan","SI",-2.39923076923077,5.56173076923077,2113.20512820513,92.8666666666667
"201","Garcia, Luis","FC",-1.56364511691884,6.31795048143054,2353.99724896836,85.2810178817056
"202","Garcia, Luis","FF",-1.48949855351977,6.29133076181292,2408.27675988428,94.0176470588235
"203","García, Luis","SI",-2.5611216730038,6.12473384030418,2141.32129277567,98.7155893536122
"204","García, Rony","FF",-3.20784263959391,4.82784263959391,2335.02538071066,92.8977157360406
"205","García, Rony","SI",-3.17035714285714,4.91294642857143,2251.99107142857,92.5419642857143
"206","García, Yimi","FF",-2.64746203904555,5.03674620390456,2455.72885032538,94.9216919739696
"207","García, Yimi","SI",-2.67205479452055,5.15917808219178,2248.3698630137,93.7746575342466
"208","Garza Jr., Ralph","SI",-2.14590643274854,3.95005847953216,2162.83625730994,87.8228070175439
"209","Gausman, Kevin","FF",-2.26322533136966,6.02552282768778,2265.32326951399,94.9503681885125
"210","Germán, Domingo","FF",-1.58830508474576,5.31759322033898,2538.60338983051,92.6935593220339
"211","Germán, Domingo","SI",-1.57363636363636,5.26992424242424,2476.28787878788,92.6719696969697
"212","Gibaut, Ian","FC",-1.3675641025641,5.80429487179487,2356.24358974359,92.3782051282051
"213","Gibaut, Ian","FF",-1.20832775919732,5.89010033444816,2272.91973244147,95.8177257525084
"214","Gibson, Kyle","FC",-2.37421585160202,6.23559865092749,2359.4215851602,89.3655986509275
"215","Gibson, Kyle","FF",-2.15911042944785,6.38588957055215,2278.80061349693,92.0340490797546
"216","Gibson, Kyle","SI",-2.20235064935065,6.29323376623377,2132.88571428571,91.6494805194805
"217","Gilbert, Logan","FF",-1.01886838868389,6.06439729397294,2134.60701107011,96.130319803198
"218","Gillaspie, Logan","FF",-0.661111111111111,5.78190476190476,2150.57142857143,95.15
"219","Ginkel, Kevin","FF",-2.28077441077441,6.44858585858586,2352.24579124579,96.359595959596
"220","Giolito, Lucas","FF",-1.38857469512195,6.3559375,2172.13719512195,92.5981707317073
"221","Givens, Mychal","FF",-2.65735459662289,4.68757973733583,2424.69418386492,93.4356472795497
"222","Gonsolin, Tony","FF",-0.909351969504447,6.25700127064803,2326.22871664549,93.1067344345616
"223","González, Chi Chi","FF",-2.02215517241379,5.89293103448276,2283.22413793103,92.6465517241379
"224","Gott, Trevor","FC",-3.01875486381323,5.22677042801556,2258.45914396887,91.5198443579767
"225","Gott, Trevor","FF",-3.03616,5.19692,2201.38,95.1928
"226","Gott, Trevor","SI",-3.09271084337349,5.14246987951807,2033.13253012048,95.0759036144578
"227","Goudeau, Ashton","FF",-2.06230392156863,6.50612745098039,2066.07843137255,92.3848039215686
"228","Graterol, Brusdar","FC",-1.69650537634409,6.04166666666667,2320.90860215054,95.6284946236559
"229","Graterol, Brusdar","SI",-1.58086805555556,6.17625,2047.80902777778,99.7482638888889
"230","Graveman, Kendall","FF",-1.1109756097561,5.6949593495935,2372.73983739837,96.5747967479675
"231","Graveman, Kendall","SI",-1.04269662921348,5.73680898876404,2228.36179775281,96.4516853932584
"232","Gray, Jon","FF",-1.97481765834933,5.46782149712092,2015.50479846449,95.892226487524
"233","Gray, Josiah","FF",-1.4802371541502,5.48586956521739,2216.36660079051,94.3902173913043
"234","Gray, Sonny","FF",-0.903629489603024,5.46538752362949,2540.45368620038,92.1086956521739
"235","Gray, Sonny","SI",-0.791280991735537,5.46661157024793,2438.17561983471,92.0487603305785
"236","Green, Chad","FF",-1.7338,6.11966666666667,2409.58666666667,94.6046666666667
"237","Greene, Hunter","FF",-2.35644614079729,6.00021204410517,2367.51145038168,98.9138252756573
"238","Greinke, Zack","FC",-1.83020408163265,6.23355685131195,2372.30029154519,85.8067055393586
"239","Greinke, Zack","FF",-1.71817869415808,6.25630011454754,2285.5040091638,89.1515463917526
"240","Grimm, Justin","FF",-1.76543859649123,6.14342105263158,2113.50877192982,92.619298245614
"241","Grove, Michael","FF",-1.39709543568465,5.99514522821577,2182.27800829876,94.3709543568465
"242","Gsellman, Robert","SI",-1.65147826086957,5.4675652173913,1935.67826086957,92.6252173913043
"243","Guerra, Javy","SI",-1.545,5.49571428571429,2133.86813186813,97.2142857142857
"244","Gustave, Jandel","SI",-1.61822641509434,5.54992452830189,2379.13962264151,95.8966037735849
"245","Gutierrez, Vladimir","FF",-2.20426470588235,5.15129411764706,2139.56764705882,92.8085294117647
"246","Harvey, Hunter","FF",-1.70710116731518,6.09852140077821,2028.29571984436,98.2898832684825
"247","Head, Louis","FF",-2.22600917431193,5.24243119266055,2172.65596330275,93.5995412844037
"248","Heasley, Jonathan","FF",-1.45039072039072,6.08791208791209,2321.65445665446,93.3672771672772
"249","Helsley, Ryan","FF",-0.415257548845471,6.0314920071048,2644.85612788632,99.6516873889876
"250","Hembree, Heath","FF",-0.800926829268293,5.70658536585366,2319.79024390244,94.169756097561
"251","Hendricks, Kyle","FF",-2.27114525139665,6.16159217877095,2020.32960893855,86.8796089385475
"252","Hendricks, Kyle","SI",-2.1715625,6.23790865384615,1889.58173076923,86.4850961538462
"253","Hendriks, Liam","FF",-1.60067944250871,5.91060975609756,2398.02961672474,97.5608013937282
"254","Herget, Jimmy","SI",-2.22343971631206,4.9236524822695,2250.97872340426,90.3783687943262
"255","Hernández, Carlos","FF",-1.08346153846154,6.12147773279352,2365.15384615385,96.7024291497976
"256","Hernández, Elieser","FF",-1.90893842887473,5.2676008492569,2094.63694267516,91.5774946921444
"257","Hernández, Jonathan","SI",-1.47348837209302,5.45674418604651,2239.21860465116,98.0088372093023
"258","Hicks, Jordan","SI",-2.08962536023055,6.01229106628242,2036.71037463977,99.378962536023
"259","Hill, Garrett","FF",-2.59383292383292,5.3563144963145,2154.03685503685,91.9734643734644
"260","Hill, Garrett","SI",-2.59746192893401,5.33284263959391,2131.81218274112,91.6441624365482
"261","Hjelle, Sean","SI",-1.52189723320158,6.2600395256917,1978.98023715415,93.800395256917
"262","Hoeing, Bryan","SI",-2.89076086956522,5.81739130434783,1979.40760869565,93.1282608695652
"263","Hoffman, Jeff","FF",-2.37797266514806,6.04703872437358,2456.5125284738,94.2205011389522
"264","Holderman, Colin","SI",-1.60555555555556,5.98954545454545,2172.79797979798,96.0424242424242
"265","Holmes, Clay","SI",-0.90527528809219,6.35477592829706,2208.25736235595,97.0087067861716
"266","Houck, Tanner","FF",-2.86513888888889,5.22949074074074,2136.61111111111,95.2444444444444
"267","Houck, Tanner","SI",-2.79275735294118,5.29058823529412,2046.74632352941,94.5113970588235
"268","Houser, Adrian","FF",-0.972286585365854,6.14573170731707,2214.42073170732,94.2801829268293
"269","Houser, Adrian","SI",-1.18384965831435,5.92678815489749,2077.05011389522,93.7618451025057
"270","Howard, Spencer","FC",-1.98759183673469,6.19779591836735,2161.89387755102,84.7261224489796
"271","Howard, Spencer","FF",-2.10752873563218,6.13718390804598,2143.90229885057,94.3658045977011
"272","Hudson, Dakota","FF",-1.83627192982456,6.05425438596491,2162.31578947368,91.3989035087719
"273","Hudson, Dakota","SI",-1.7502641509434,6.15540880503145,2058.31572327044,91.9381132075472
"274","Hudson, Daniel","FF",-2.77867298578199,5.40909952606635,2407.69668246446,96.9649289099526
"275","Hunter, Tommy","FC",-1.76465838509317,6.01726708074534,2422.95652173913,91.3366459627329
"276","Hunter, Tommy","SI",-1.5536,6.10272,2376.128,93.2192
"277","Hutchison, Drew","FF",-2.55252413793103,6.18891034482759,2257.71310344828,92.4455172413793
"278","Hutchison, Drew","SI",-2.49945273631841,6.19666666666667,2301.71144278607,92.6731343283582
"279","Iglesias, Raisel","FF",-1.72902912621359,5.51116504854369,2318.32686084142,95.0080906148867
"280","Iglesias, Raisel","SI",-2.20796610169492,5.19525423728814,2321.13559322034,94.8333333333333
"281","Jackson, Zach","FF",-0.685479166666667,6.860875,2121.37916666667,94.456875
"282","Jameson, Drey","FF",-1.84385826771654,5.74385826771654,2234.09448818898,95.9
"283","Jameson, Drey","SI",-2.11776699029126,5.5778640776699,2085.38834951456,94.3660194174757
"284","Jansen, Kenley","FC",-1.20571207430341,6.72272445820433,2567.12229102167,92.2323529411765
"285","Jansen, Kenley","SI",-1.01676991150442,6.66243362831858,2231.12389380531,93.6225663716814
"286","Javier, Cristian","FF",-1.62075816993464,5.64942483660131,2354.4568627451,93.8133333333333
"287","Jax, Griffin","FF",-0.876410256410256,5.7025641025641,2390.53076923077,95.3953846153846
"288","Jefferies, Daulton","FC",-2.78661290322581,6.00177419354839,2159.71774193548,89.6
"289","Jefferies, Daulton","SI",-2.70966666666667,6.03719047619048,2056.83333333333,92.5338095238095
"290","Jiménez, Dany","FF",-0.264754901960784,6.36137254901961,2216.46568627451,93.9421568627451
"291","Jiménez, Joe","FF",-2.33366834170854,5.80358458961474,2461.12227805695,95.7259631490787
"292","Johnson, Pierce","FF",-1.99556603773585,5.94622641509434,2171.87735849057,94.8575471698113
"293","Junis, Jakob","SI",-1.8111013986014,5.7541958041958,2191.49475524476,91.8840909090909
"294","Kaprielian, James","FF",-2.54104587155963,6.15050458715596,2006.51009174312,93.9708256880734
"295","Kaprielian, James","SI",-2.79745901639344,5.9744262295082,1930.96721311475,94.4229508196721
"296","Karinchak, James","FF",0.155547619047619,6.71969047619048,2349.24047619048,95.192619047619
"297","Keller, Brad","FF",-1.49951432129514,6.26211706102117,2408.9701120797,94.5166874221669
"298","Keller, Brad","SI",-1.54068311195446,6.2380265654649,2194.87286527514,93.3971537001897
"299","Keller, Mitch","FF",-1.94880410022779,5.98882687927107,2421.55808656036,95.5108200455581
"300","Keller, Mitch","SI",-1.90873310810811,6.00136824324324,2369.15540540541,94.4047297297297
"301","Kelley, Trevor","SI",-4.29328813559322,3.49671186440678,2220.75254237288,89.8877966101695
"302","Kelly, Joe","SI",-1.6407063197026,5.38695167286245,2178.69888475836,97.8970260223048
"303","Kelly, Merrill","FC",-1.76001779359431,5.50275800711744,2338.03380782918,90.9149466192171
"304","Kelly, Merrill","FF",-1.71459731543624,5.47286353467562,2358.19798657718,92.6152125279642
"305","Kelly, Merrill","SI",-1.63429942418426,5.51293666026871,2206.113243762,92.6153550863724
"306","Kelly, Zack","FF",-2.98692307692308,5.69105769230769,2145.25,94.5769230769231
"307","Kennedy, Ian","FF",-1.40492917847025,5.38811614730878,2447.25495750708,93.3587818696884
"308","Kilian, Caleb","SI",-1.35621359223301,5.67961165048544,2015.29126213592,93.6067961165049
"309","Kimbrel, Craig","FF",-2.90425474254743,4.71421409214092,2263.92818428184,95.7720867208672
"310","King, Michael","FF",-2.30724137931034,5.8051724137931,2432.76436781609,96.4316091954023
"311","King, Michael","SI",-2.46077192982456,5.54371929824561,2375.08421052632,95.521052631579
"312","Kinley, Tyler","FF",-0.840755813953488,6.6118023255814,2244.56395348837,95.381976744186
"313","Kirby, George","FC",-1.62329411764706,5.68850980392157,2148.63921568627,88.2776470588235
"314","Kirby, George","FF",-1.41040084388186,5.88185654008439,2179.39873417722,95.3021097046414
"315","Kirby, George","SI",-1.25486274509804,5.91372549019608,2235.49411764706,94.7380392156863
"316","Kittredge, Andrew","SI",-1.12283018867925,6.05122641509434,2339.03773584906,95.1707547169811
"317","Kluber, Corey","FC",-1.85406436233611,5.32063170441001,2462.89988081049,86.2997616209773
"318","Kluber, Corey","SI",-1.81560121765601,5.30523592085236,2075.28310502283,88.88599695586
"319","Knebel, Corey","FF",-1.62027027027027,6.00697297297297,2368.79279279279,95.6410810810811
"320","Knehr, Reiss","FF",-1.31889830508475,5.55169491525424,2387.05084745763,93.1415254237288
"321","Kopech, Michael","FF",-2.09232876712329,5.86666398066076,2529.36261079774,94.8687348912168
"322","Kowar, Jackson","FF",-1.50724137931034,5.9948275862069,2259.2,95.7510344827586
"323","Krehbiel, Joey","FC",-1.58389891696751,5.72310469314079,2465.06137184116,86.3339350180505
"324","Krehbiel, Joey","FF",-1.34053097345133,5.87519174041298,2175.07079646018,94.3716814159292
"325","Kremer, Dean","FC",-2.42271214642263,5.99635607321131,2477.88019966722,87.9973377703827
"326","Kremer, Dean","FF",-2.59167974882261,5.81021978021978,2234.51491365777,93.5106750392465
"327","Kremer, Dean","SI",-2.66711764705882,5.67358823529412,2139.37647058824,91.714705882353
"328","Kuhl, Chad","SI",-2.33276,5.62482,2128.877,92.779
"329","Kuhnel, Joel","FF",-2.35266375545852,5.95008733624454,2230.26200873362,96.1960698689956
"330","Kuhnel, Joel","SI",-2.38907692307692,5.98965384615385,2235.08461538462,96.0465384615385
"331","Lambert, Jimmy","FF",-1.00788300835655,6.11805013927577,2220.58774373259,94.3142061281337
"332","Lamet, Dinelson","FF",-1.54281954887218,6.12101503759398,2404.02631578947,95.3778195488722
"333","Lange, Alex","SI",-2.50459731543624,5.7086577181208,2221.23154362416,96.2046979865772
"334","Law, Derek","FC",-1.3919209039548,6.35305084745763,2366.12994350282,90.7011299435028
"335","Lawrence, Justin","SI",-2.81971496437055,4.45294536817102,2281.04988123515,95.1420427553444
"336","Leclerc, José","FF",-1.68272727272727,6.10891608391608,2639.01398601399,96.4583916083916
"337","Leiter Jr., Mark","FC",-1.45,5.64790476190476,2085.07619047619,87.3942857142857
"338","Leiter Jr., Mark","FF",-1.18636734693878,5.78959183673469,1948.61224489796,91.0897959183673
"339","Leiter Jr., Mark","SI",-1.50845849802372,5.66450592885375,1913.16205533597,90.9276679841897
"340","Lemoine, Jacob","SI",-1.06023529411765,6.36735294117647,2070.28235294118,93.1411764705882
"341","Leone, Dominic","FC",-2.38995495495496,5.82346846846847,2403.52702702703,91.3432432432433
"342","Leone, Dominic","FF",-2.38466887417219,5.82781456953642,2323.20860927152,95.546357615894
"343","Littell, Zack","FF",-1.89911458333333,6.33106770833333,2132.30989583333,94.47890625
"344","Llovera, Mauricio","SI",-2.15078125,5.40546875,2109.6484375,95.37578125
"345","Lorenzen, Michael","FC",-2.03917582417582,5.57862637362637,2494.9010989011,90.493956043956
"346","Lorenzen, Michael","FF",-1.94318181818182,5.58318181818182,2441.0625,94.7105113636364
"347","Lorenzen, Michael","SI",-1.8757908847185,5.59471849865952,2256.55495978552,93.8128686327078
"348","Loáisiga, Jonathan","SI",-1.93137214137214,5.51126819126819,2317.38461538462,98.047817047817
"349","Lugo, Seth","FF",-0.858730158730159,5.65377777777778,2243.37142857143,94.4101587301587
"350","Lugo, Seth","SI",-0.882689075630252,5.46575630252101,2317.93277310924,94.4197478991597
"351","Lyles, Jordan","FF",-1.62986301369863,6.11860906217071,2203.84826132771,91.7586933614331
"352","Lyles, Jordan","SI",-1.61590822179732,6.04562141491396,2096.9464627151,90.7814531548757
"353","Lynn, Lance","FC",-3.34843930635838,5.48219653179191,2608.40077071291,88.8094412331407
"354","Lynn, Lance","FF",-3.21798056155508,5.56274298056155,2442.91144708423,92.938120950324
"355","Lynn, Lance","SI",-3.19992337164751,5.52295019157088,2317.31034482759,91.5444444444445
"356","López, Jorge","SI",-2.13268376068376,5.80528205128205,1990.21367521368,97.6547008547008
"357","López, Pablo","FC",-2.09078014184397,5.51251773049645,2226.71631205674,88.7734042553192
"358","López, Pablo","FF",-2.10798932384342,5.44405693950178,2196.85676156584,93.5532918149466
"359","López, Pablo","SI",-2.14814345991561,5.4542194092827,1999.14345991561,93.3881856540084
"360","López, Reynaldo","FF",-1.57278597785978,5.81439114391144,2248.72509225092,97.0540590405904
"361","Machado, Andrés","FF",-1.70454248366013,5.52519607843137,2112.92483660131,95.6467320261438
"362","Machado, Andrés","SI",-1.8252380952381,5.39824404761905,2038.3630952381,95.0482142857143
"363","Mahle, Tyler","FC",-1.90977443609023,5.42661654135338,2395.47744360902,85.5315789473684
"364","Mahle, Tyler","FF",-1.84144036697248,5.61664220183486,2293.08348623853,93.213119266055
"365","Manning, Matt","FF",-1.81339882121807,5.70292730844794,2054.6463654224,93.2495088408644
"366","Manoah, Alek","FF",-2.32985130111524,5.94542750929368,2369.27881040892,93.8605018587361
"367","Manoah, Alek","SI",-2.34964240102171,5.89938697318008,2196.24648786718,93.2938697318008
"368","Marinaccio, Ron","FF",-3.03465671641791,5.33477611940299,2324.98507462687,94.6226865671642
"369","Marte, José","FC",-2.318515625,5.532109375,2459.4765625,89.37421875
"370","Marte, José","FF",-1.9448623853211,5.79211009174312,2355.33027522936,96.5311926605505
"371","Marte, Yunior","FF",-1.34385650224215,5.61551569506726,2411.92825112108,97.7520179372197
"372","Marte, Yunior","SI",-1.56630363036304,5.46778877887789,2327.19141914191,96.896699669967
"373","Martin, Chris","FC",-3.03860294117647,6.10764705882353,2158.19117647059,91.6345588235294
"374","Martin, Chris","FF",-2.7875,6.15293956043956,2181.68956043956,95.2604395604396
"375","Martin, Corbin","FF",-1.99297872340426,5.79702127659574,2303.70638297872,94.0123404255319
"376","Martin, Davis","FF",-1.76240663900415,6.25533195020747,2355.66182572614,94
"377","Martinez, Nick","FC",-1.93534426229508,5.99901639344262,2380.2131147541,88.5740983606557
"378","Martinez, Nick","FF",-1.89551876379691,6.01256070640177,2336.53642384106,93.3958057395143
"379","Martinez, Nick","SI",-1.7608,6.03592,2347.244,93.2656
"380","Martinez, Seth","FF",-2.36525,4.60375,2192.3,91.887
"381","Martinez, Seth","SI",-2.25517543859649,4.6728947368421,2140.63157894737,90.9368421052632
"382","Martínez, Adrián","SI",-2.35906066536204,5.5666927592955,2157.02544031311,93.8093933463797
"383","Maton, Phil","FF",-1.43409090909091,5.30164502164502,2487.27489177489,90.9831168831169
"384","May, Dustin","FC",-2.37871287128713,5.20188118811881,2461.60396039604,92.6663366336634
"385","May, Dustin","FF",-2.16454545454545,5.41663636363636,2356.14545454545,98.0681818181818
"386","May, Dustin","SI",-2.38948529411765,5.05205882352941,2327.51470588235,97.2580882352941
"387","May, Trevor","FF",-1.19959677419355,5.67560483870968,2295.64919354839,96.0504032258064
"388","Mayers, Mike","FF",-1.95199017199017,5.59378378378378,2294.65847665848,93.5395577395577
"389","McCullers Jr., Lance","SI",-1.28935483870968,5.38811827956989,2106.40860215054,93.0822580645161
"390","McHugh, Collin","FC",-2.21540697674419,5.43951550387597,2510.91085271318,88.9003875968992
"391","McKenzie, Triston","FF",-1.85010862619808,6.48842172523962,2312.63642172524,92.4985942492013
"392","Medina, Adonis","SI",-2.646,5.59472,2287,93.4656
"393","Megill, Trevor","FF",-1.26607058823529,6.49818823529412,2445.36235294118,98.0515294117647
"394","Megill, Tylor","FF",-1.87616071428571,5.86167410714286,2171.15178571429,95.7174107142857
"395","Melancon, Mark","FC",-2.52210144927536,6.33721014492754,2266.23913043478,90.8871376811594
"396","Merryweather, Julian","FF",-1.68602803738318,6.04822429906542,2285.67757009346,97.2700934579439
"397","Middleton, Keynan","FF",-2.13333333333333,5.90058333333333,2362.825,95.0791666666667
"398","Mikolas, Miles","FF",-2.0126783625731,6.58913450292398,2292.35906432749,93.513918128655
"399","Mikolas, Miles","SI",-2.0747,6.50544285714286,2231.61285714286,92.9588571428571
"400","Mills, Alec","SI",-2.94433628318584,5.76690265486726,2180.54867256637,88.4628318584071
"401","Mills, Wyatt","FF",-3.46623711340206,3.6101030927835,2014.13917525773,91.8628865979381
"402","Mills, Wyatt","SI",-3.50176470588235,3.34613445378151,1845.26890756303,91.181512605042
"403","Montas, Frankie","FC",-1.18766169154229,6.02238805970149,2397.06965174129,89.4850746268657
"404","Montas, Frankie","FF",-1.08021084337349,6.07772590361446,2356.32078313253,96.0893072289157
"405","Montas, Frankie","SI",-1.08554474708171,6.08943579766537,2242.56225680934,95.6081712062257
"406","Montero, Rafael","FF",-1.39663983903421,5.17659959758551,2334.86921529175,96.4102615694165
"407","Montero, Rafael","SI",-1.52292,5.13272,2232.876,95.9016
"408","Moreta, Dauri","FF",-0.922153392330384,5.85501474926254,2265.54572271386,95.9356932153392
"409","Morgan, Eli","FF",-0.265281306715064,5.79744101633394,2267.64246823956,92.1076225045372
"410","Moronta, Reyes","FF",-1.12771260997067,5.44709677419355,2350.84457478006,95.3102639296188
"411","Morris, Cody","FC",-1.89277777777778,6.00690476190476,2329.16666666667,88.1515873015873
"412","Morris, Cody","FF",-1.96838888888889,5.877,2500.12222222222,94.6138888888889
"413","Morton, Charlie","FC",-2.40475836431227,5.3696282527881,2550.9405204461,88.3684014869888
"414","Morton, Charlie","FF",-2.28547248182762,5.4868743509865,2374.11214953271,94.920041536864
"415","Morton, Charlie","SI",-2.30565495207668,5.40709265175719,2192.03194888179,94.6872204472843
"416","Murfee, Penn","FF",-3.85554761904762,4.24135714285714,2275.6119047619,88.997380952381
"417","Musgrove, Joe","FC",-1.55225045372051,6.41825771324864,2581.21778584392,90.0965517241379
"418","Musgrove, Joe","FF",-1.55202941176471,6.37102941176471,2559.32058823529,92.9338235294118
"419","Musgrove, Joe","SI",-1.56213541666667,6.47192708333333,2435.64583333333,92.3744791666667
"420","Muñoz, Andrés","FF",-1.91236263736264,5.29296703296703,2291.95879120879,100.196978021978
"421","Márquez, Germán","FF",-2.16982269503546,5.9913829787234,2138.19739952719,95.5618203309693
"422","Márquez, Germán","SI",-2.22702034883721,5.93619186046512,2111.24709302326,95.131976744186
"423","Nance, Tommy","SI",-1.36791666666667,6.24458333333333,2326.47685185185,94.1634259259259
"424","Nelson, Nick","FF",-2.32321083172147,5.82537717601547,1968.52998065764,96.2624758220503
"425","Nelson, Ryne","FF",-0.323181818181818,6.03664772727273,2198.88636363636,94.7982954545455
"426","Neris, Hector","FF",-1.77028915662651,5.83421686746988,2448.24578313253,94.2840963855422
"427","Neris, Hector","SI",-1.86215596330275,5.87880733944954,2350.51834862385,94.5233944954128
"428","Nogosek, Stephen","FC",-2.31957627118644,5.97661016949153,2242.89830508475,89.0516949152542
"429","Nogosek, Stephen","FF",-1.92339743589744,6.075,2278.6217948718,94.9891025641026
"430","Nola, Aaron","FC",-1.92227272727273,5.1310101010101,2212.26767676768,86.7772727272727
"431","Nola, Aaron","FF",-1.93856157635468,5.09175369458128,2307.92315270936,92.7551724137931
"432","Nola, Aaron","SI",-1.9415034965035,5.08202797202797,2198.40909090909,92.1741258741259
"433","Norwood, James","FF",-1.82575418994413,6.05692737430168,2144.86592178771,96.6027932960894
"434","O'Day, Darren","FF",-2.67571428571429,3.72321428571429,2386.51785714286,85.9595238095238
"435","Ober, Bailey","FF",-1.80424821002387,5.84575178997613,2300.6491646778,91.5202863961814
"436","Odorizzi, Jake","FC",-0.916015831134565,6.03430079155673,2076.78627968338,87.6461741424802
"437","Odorizzi, Jake","FF",-1.03351086956522,5.95078260869565,2143.71956521739,92.0555434782609
"438","Ohtani, Shohei","FC",-2.51,5.80103004291846,2378.42489270386,90.7420600858369
"439","Ohtani, Shohei","FF",-2.26649859943978,5.91680672268908,2217.33193277311,97.2690476190476
"440","Oller, Adam","FC",-1.89692789968652,5.73078369905956,2179.89968652038,89.5354231974922
"441","Oller, Adam","FF",-1.69596287703016,5.87965197215777,2209.22041763341,93.3013921113689
"442","Oller, Adam","SI",-1.8447619047619,5.73246031746032,2116.38095238095,93.5753968253968
"443","Ort, Kaleb","FF",-2.87568253968254,5.56292063492064,2176.03174603175,96.2726984126984
"444","Ortega, Oliver","FF",-1.5015625,6.0440625,2293.7875,95.9103125
"445","Ortiz, Luis L.","FF",-1.32220338983051,5.4871186440678,2368.78813559322,98.4457627118644
"446","Ottavino, Adam","FF",-2.56507692307692,5.56769230769231,2350.96923076923,94.7515384615385
"447","Ottavino, Adam","SI",-2.59357558139535,5.49177325581395,2253.11046511628,94.2063953488372
"448","Otto, Glenn","FF",-1.68309477756286,6.04512572533849,2264.37717601547,92.1195357833656
"449","Otto, Glenn","SI",-1.73742043551089,6.00963149078727,2234.98324958124,92.1857621440536
"450","Overton, Connor","FF",-1.69225806451613,5.91306451612903,2216.91129032258,91.083064516129
"451","Overton, Connor","SI",-1.76235294117647,5.85274509803922,2117.53921568627,90.6862745098039
"452","Oviedo, Johan","FF",-2.78242352941176,5.28122352941176,2275.25882352941,96.0407058823529
"453","Paddack, Chris","FF",-2.30973684210526,6.37605263157895,2192.53157894737,92.9557894736842
"454","Pagán, Emilio","FC",-1.69388888888889,5.51407407407407,2362.65740740741,85.7925925925926
"455","Pagán, Emilio","FF",-1.63824742268041,5.57958762886598,2516.93127147766,95.6
"456","Pallante, Andre","FF",-1.92735477178423,5.82295643153527,2219.92116182573,95.2144190871369
"457","Pallante, Andre","SI",-1.80795031055901,5.87130434782609,2106.76397515528,94.8385093167702
"458","Patiño, Luis","FF",-1.84888888888889,6.09286549707602,2247.6432748538,94.6345029239766
"459","Payamps, Joel","FF",-2.1755,5.82138461538462,2422.80769230769,94.8403846153846
"460","Payamps, Joel","SI",-2.17603686635945,5.78728110599078,2267.50230414747,94.3428571428571
"461","Peguero, Elvis","SI",-3.00122807017544,5.4571052631579,1987.20175438596,96.4736842105263
"462","Pepiot, Ryan","FF",-1.83871980676329,5.67176328502415,2409.30193236715,93.948309178744
"463","Peralta, Freddy","FF",-2.58826379542396,5.01367429340511,2351.51144010767,92.6044414535666
"464","Peralta, Wily","FF",-1.03979057591623,6.50198952879581,1944.32984293194,95.3769633507853
"465","Peralta, Wily","SI",-1.01644736842105,6.47105263157895,1875.54605263158,95.5157894736842
"466","Perdomo, Luis","SI",-2.088125,5.942875,1986.03125,93.765625
"467","Phelps, David","FC",-2.47468309859155,6.14330985915493,2420.24647887324,89.8242957746479
"468","Phelps, David","FF",-2.3535119047619,6.13455357142857,2359.72619047619,93.2050595238095
"469","Phelps, David","SI",-2.353,6.11957142857143,2229.87142857143,93.205
"470","Phillips, Evan","FC",-2.40204819277108,5.45779116465863,2399.91967871486,93.3172690763052
"471","Phillips, Evan","FF",-2.3828323699422,5.41728323699422,2320.71098265896,96.0491329479769
"472","Pineda, Michael","FF",-2.22569444444444,6.49525462962963,1933.86805555556,89.8831018518518
"473","Pivetta, Nick","FF",-1.44191475826972,6.6048155216285,2309.76590330789,93.4239185750636
"474","Plesac, Zach","FF",-0.267360959651036,6.23672846237732,2150.83969465649,91.9405670665213
"475","Pop, Zach","SI",-2.22419431279621,5.61535545023697,2070.49289099526,96.5144549763033
"476","Poppen, Sean","SI",-1.71835164835165,5.21087912087912,2090.25641025641,94.5904761904762
"477","Poteet, Cody","FF",-1.3327731092437,6.10991596638655,2343.4537815126,94.8672268907563
"478","Pressly, Ryan","FF",-0.267715517241379,6.0210775862069,2512.15517241379,94.4685344827586
"479","Pruitt, Austin","FF",-0.612589928057554,5.79017985611511,2263.20143884892,91.3996402877698
"480","Quantrill, Cal","FC",-1.37923664122137,6.37296755725191,2238.10019083969,88.4671755725191
"481","Quantrill, Cal","SI",-1.20309451219512,6.44051067073171,2104.62804878049,93.6035823170732
"482","Rainey, Tanner","FF",-2.8305737704918,6.10431693989071,2428.84972677596,96.9669398907104
"483","Ramirez, Noé","FF",-2.48524115755627,4.80655948553055,2187.26045016077,89.7668810289389
"484","Ramirez, Yohan","SI",-2.60011594202899,4.99226086956522,2234.29565217391,95.7159420289855
"485","Ramírez, Erasmo","FC",-2.17741071428571,5.311125,2384.61071428571,89.2092857142857
"486","Ramírez, Erasmo","SI",-2.24611226611227,5.20056133056133,2205.6735966736,93.1212058212058
"487","Rasmussen, Drew","FC",-1.97644897959184,6.01170068027211,2612.23129251701,90.2995918367347
"488","Rasmussen, Drew","FF",-1.70954545454545,6.13132575757576,2395.69318181818,95.4808080808081
"489","Reed, Jake","SI",-3.57041958041958,4.50167832167832,2127.81118881119,91.7125874125874
"490","Richards, Garrett","FF",-2.35482954545455,5.818125,2309.54545454545,94.3505681818182
"491","Richards, Trevor","FF",-2.22565891472868,6.27678294573643,2222.64728682171,93.4455426356589
"492","Roberts, Ethan","FC",-2.34191666666667,5.03566666666667,2596.76666666667,93.2425
"493","Robertson, David","FC",-2.51009208103131,5.79576427255985,2609.7255985267,93.0180478821363
"494","Robles, Hansel","FF",-0.923285714285714,5.29157142857143,2305.95714285714,96.0085714285714
"495","Rodriguez, Elvin","FF",-2.23398576512455,6.06572953736655,2414.37722419929,93.0733096085409
"496","Rogers, Tyler","FF",-4.1206365159129,1.17075376884422,1934.82579564489,83.2326633165829
"497","Romano, Jordan","FF",-1.74671610169492,6.06419491525424,2289.40042372881,96.8650423728814
"498","Romero, Tommy","FF",-0.427943925233645,6.20336448598131,1953.1308411215,90.2485981308411
"499","Romo, Sergio","SI",-2.79854545454545,5.10736363636364,2150.07272727273,85.3436363636364
"500","Rucker, Michael","FF",-1.87994736842105,5.61721052631579,2269.98684210526,94.6965789473684
"501","Ruiz, José","FF",-1.47954716981132,6.26630188679245,2353.66037735849,96.8822641509434
"502","Ruiz, Norge","FF",-1.48434782608696,5.92621118012422,2250.17391304348,93.1068322981367
"503","Ryan, Joe","FF",-2.42923398328691,4.99744428969359,2194.143454039,92.0375348189415
"504","Sampson, Adrian","FF",-2.7288045540797,5.80151802656547,2075.00569259962,92.4284629981025
"505","Sampson, Adrian","SI",-2.77567877629063,5.73602294455067,2002.65583173996,91.9309751434034
"506","Sanchez, Aaron","FF",-1.69700507614213,5.71675126903553,2140.06091370558,92.3751269035533
"507","Sanchez, Aaron","SI",-1.69467469879518,5.70175903614458,2131.12530120482,92.1349397590361
"508","Sandlin, Nick","FF",-3.22673469387755,4.62829931972789,2310.71428571429,93.5761904761905
"509","Sandlin, Nick","SI",-3.23192118226601,4.58137931034483,2153.58620689655,93.5172413793103
"510","Sands, Cole","FF",-2.01527210884354,5.46574829931973,2221.70408163265,91.6316326530612
"511","Santana, Dennis","SI",-2.34435233160622,5.75515544041451,2422.14507772021,96.6826424870466
"512","Santillan, Tony","FF",-2.35470297029703,5.48618811881188,2206.05940594059,96.1529702970297
"513","Sawamura, Hirokazu","FF",-1.54246943765281,5.68823960880196,2111.75794621027,95.9330073349633
"514","Sborz, Josh","FF",-0.718018433179723,6.34571428571429,2336.71889400922,96.9539170506912
"515","Scherzer, Max","FC",-3.3531455399061,5.44474178403756,2391.07981220657,89.1962441314554
"516","Scherzer, Max","FF",-3.20859390363815,5.64715830875123,2385.89085545723,94.0205506391347
"517","Schmidt, Clarke","FF",-1.1138,5.67133333333333,2521.66,94.6773333333333
"518","Schmidt, Clarke","SI",-1.1988679245283,5.60698113207547,2407.31132075472,94.8896226415094
"519","Schreiber, John","FF",-2.82402684563758,4.23362416107383,2237.59060402685,94.4479865771812
"520","Schreiber, John","SI",-2.90942528735632,4.01597701149425,2183.56704980843,93.3681992337165
"521","Seabold, Connor","FF",-2.6010152284264,5.63862944162437,2113.15736040609,92.1380710659898
"522","Senzatela, Antonio","FF",-2.19391041162228,6.08330508474576,2133.02300242131,94.2478208232446
"523","Severino, Luis","FC",-1.64194915254237,5.94915254237288,2420.70338983051,90.3889830508475
"524","Severino, Luis","FF",-1.50434447300771,6.08132390745501,2256.85861182519,96.3259640102828
"525","Sewald, Paul","FF",-3.70628,4.433,2493.714,92.5108
"526","Shaw, Bryan","FC",-2.80636734693878,6.11631292517007,2410.77278911565,92.8983673469388
"527","Silseth, Chase","FF",-1.71089552238806,5.94467661691542,2348.73631840796,95.3557213930348
"528","Singer, Brady","SI",-1.47634012539185,5.35987460815047,2296.99921630094,93.7566614420063
"529","Smith, Chad","SI",-1.85340807174888,5.27224215246637,2265.34529147982,95.6345291479821
"530","Smith, Drew","FF",-2.05437652811736,5.69290953545232,2502.78728606357,95.7435207823961
"531","Smith, Joe","FF",-2.55489208633094,3.51856115107914,2052.72661870504,86.0395683453237
"532","Smith, Joe","SI",-2.47574468085106,2.69973404255319,1895.41489361702,83.618085106383
"533","Snider, Collin","SI",-2.37268551236749,4.94049469964664,2428.14840989399,96.0024734982332
"534","Stammen, Craig","FC",-2.51122580645161,5.67767741935484,2315.18064516129,87.8212903225807
"535","Stammen, Craig","SI",-2.47901595744681,5.6455585106383,2210.15957446808,91.4478723404255
"536","Stanek, Ryne","FF",-0.506264367816092,6.46795019157088,2307.13793103448,98.3475095785441
"537","Stashak, Cody","FF",-1.01801801801802,5.9172972972973,2194.0990990991,90.5864864864865
"538","Staumont, Josh","FF",-0.576943699731904,6.40257372654156,2258.22788203753,96.1356568364611
"539","Staumont, Josh","SI",-0.680388349514563,6.32533980582524,2192.77669902913,97.1291262135922
"540","Steckenrider, Drew","FF",-0.993709677419355,6.31774193548387,2300.26344086022,94.0591397849462
"541","Stephan, Trevor","FF",-1.87478350515464,5.75061855670103,2478.58969072165,96.5418556701031
"542","Stephens, Jackson","FF",-0.838081395348837,6.16938953488372,2061.96220930233,94.134011627907
"543","Stephens, Jackson","SI",-0.947536945812808,6.1,1903.29556650246,94.0334975369458
"544","Stephenson, Robert","FF",-1.11473684210526,5.81203661327231,2388.68421052632,96.8107551487414
"545","Stratton, Chris","FF",-1.72145569620253,5.88801687763713,2630.95991561181,92.8012658227848
"546","Strickland, Hunter","FF",-3.01132110091743,5.83183486238532,2350.62385321101,94.9976146788991
"547","Strider, Spencer","FF",-2.0613188976378,5.7186154855643,2342.6719160105,98.163188976378
"548","Stripling, Ross","FF",-0.966461988304094,6.94103801169591,2124.01900584795,91.8913742690059
"549","Stripling, Ross","SI",-1.07,6.89725490196078,2003.67320261438,89.8797385620915
"550","Stroman, Marcus","FC",-1.09266375545852,5.2264192139738,2532.26637554585,90.0135371179039
"551","Stroman, Marcus","FF",-1.06902702702703,5.24605405405405,2424.70810810811,92.5562162162162
"552","Stroman, Marcus","SI",-1.02709236031927,5.24501710376283,2265.2417331813,91.9816419612315
"553","Strzelecki, Peter","FF",-2.48145962732919,5.2382298136646,2415.54037267081,93.4776397515528
"554","Suarez, Robert","FF",-1.3974358974359,6.10059829059829,2304.8717948718,97.9205128205128
"555","Suarez, Robert","SI",-1.3843956043956,6.0156043956044,2251.99450549451,97.0302197802198
"556","Sulser, Beau","FF",-1.67962686567164,6.1334328358209,2343.59701492537,92.8082089552239
"557","Sulser, Cole","FF",-1.61457236842105,5.79990131578947,2235.04934210526,91.8555921052632
"558","Swanson, Erik","FF",-0.887578288100209,6.35901878914405,2290.91440501044,93.6398747390397
"559","Swarmer, Matt","FF",-1.19984435797665,6.73762645914397,1989.08949416342,90.5299610894942
"560","Syndergaard, Noah","FF",-0.7227,6.25863333333333,2136.27333333333,94.1216666666667
"561","Syndergaard, Noah","SI",-0.795348837209302,6.25054263565892,2125.39534883721,93.6062015503876
"562","Sánchez, Aníbal","FC",-0.271787878787879,5.96463636363636,2094.51212121212,87.2575757575758
"563","Sánchez, Aníbal","FF",-0.159463414634146,5.982,2064.8487804878,89.8931707317073
"564","Sánchez, Aníbal","SI",-0.184345991561181,5.9457805907173,1925.95780590717,89.1185654008439
"565","Taillon, Jameson","FC",-1.44964516129032,6.10538709677419,2532.96451612903,90.6848387096774
"566","Taillon, Jameson","FF",-1.41444,6.06763,2369.829,94.0643
"567","Taillon, Jameson","SI",-1.35089743589744,6.08826923076923,2298.02243589744,94.1669871794872
"568","Tapia, Domingo","SI",-1.72384615384615,5.5001282051282,2161.42307692308,97.4275641025641
"569","Tate, Dillon","SI",-1.76020257826888,5.39208103130755,1970.38489871087,94.0195211786372
"570","Tepera, Ryan","FF",-2.02289285714286,5.72703571428571,2224.00714285714,92.5735714285714
"571","Tepera, Ryan","SI",-2.13321428571429,5.69928571428571,2182.26428571429,92.8742857142857
"572","Tetreault, Jackson","FC",-2.34422413793103,5.90310344827586,1993.58620689655,86.55
"573","Tetreault, Jackson","FF",-2.36862559241706,5.84834123222749,2017.92890995261,94.5563981042654
"574","Thompson, Keegan","FC",-1.47398976982097,5.76739130434783,2552.9104859335,89.887979539642
"575","Thompson, Keegan","FF",-1.45300832342449,5.78634958382878,2369.81331747919,93.5627824019025
"576","Thompson, Mason","SI",-2.06608208955224,5.96373134328358,2252.46268656716,95.8041044776119
"577","Thompson, Ryan","SI",-3.4437037037037,3.68478395061728,1987.16666666667,90.0475308641975
"578","Thompson, Zach","FC",-0.923583815028902,6.63335260115607,2579.99132947977,86.7838150289017
"579","Thompson, Zach","FF",-0.773827893175074,6.71376854599407,2386.18100890208,92.26646884273
"580","Thompson, Zach","SI",-0.836301369863014,6.6701598173516,2230.38356164384,92.1536529680365
"581","Thornburg, Tyler","FF",-1.52861244019139,5.80607655502392,2405.23444976077,93.5397129186603
"582","Thornton, Trent","FF",-1.06606498194946,5.73148014440433,2431.10469314079,93.8202166064982
"583","Tinoco, Jesus","SI",-1.33673202614379,5.88496732026144,2350.00653594771,95.9862745098039
"584","Toussaint, Touki","SI",-1.78479532163743,5.25093567251462,2206.2865497076,91.8847953216374
"585","Trivino, Lou","FC",-1.63216216216216,6.0372972972973,2277.27702702703,92.2614864864865
"586","Trivino, Lou","FF",-1.6014450867052,6.0192485549133,1991.5838150289,95.5664739884393
"587","Trivino, Lou","SI",-1.62554770318021,6.00120141342756,2023.51590106007,95.7671378091873
"588","Uceta, Edwin","SI",-1.68278481012658,5.02664556962025,2343.60126582278,93.5398734177215
"589","Uelmen, Erich","FF",-3.34121428571429,4.71192857142857,2148.80714285714,93.705
"590","Uelmen, Erich","SI",-3.4218320610687,4.64809160305343,2009.62595419847,93.3770992366412
"591","Underwood Jr., Duane","FC",-2.30881918819188,6.19719557195572,2094.48339483395,92.4040590405904
"592","Underwood Jr., Duane","FF",-2.26050847457627,6.17322033898305,2253.99152542373,95.8720338983051
"593","Underwood Jr., Duane","SI",-2.185,6.18458015267176,2090.90458015267,95.263358778626
"594","Ureña, José","FF",-1.63528455284553,5.8339837398374,2151.30894308943,96.0170731707317
"595","Ureña, José","SI",-1.7574435196195,5.82689655172414,2190.548156956,95.638644470868
"596","Urquidy, José","FC",-1.8434375,6.171953125,2508.0546875,87.440625
"597","Urquidy, José","FF",-1.27290948275862,6.43508620689655,2201.01293103448,93.5400143678161
"598","Valdez, Phillips","SI",-2.11356589147287,4.93395348837209,2378.40310077519,94.0798449612403
"599","Varland, Louie","FF",-1.94795918367347,5.29244897959184,2205.78571428571,93.8107142857143
"600","Velasquez, Vince","FF",-1.2246017699115,5.63219469026549,2416.92212389381,93.1920353982301
"601","Velasquez, Vince","SI",-1.24766990291262,5.58067961165049,2258.54368932039,91.9116504854369
"602","Verlander, Justin","FF",-1.52243531202435,7.00477168949772,2422.77168949772,95.0183409436834
"603","Vest, Will","FF",-2.31700164744646,5.69739703459638,2079.42668863262,95.1220757825371
"604","Voth, Austin","FC",-2.67118421052632,5.81752631578947,2439.81052631579,89.5105263157895
"605","Voth, Austin","FF",-2.55544827586207,5.8496,2356.68275862069,93.4638620689655
"606","Wacha, Michael","FC",-1.51818452380952,6.52842261904762,2051.64880952381,88.7747023809524
"607","Wacha, Michael","FF",-1.26824261275272,6.67108864696734,2121.89580093313,93.0433903576983
"608","Wacha, Michael","SI",-1.35628571428571,6.60330612244898,2051.9387755102,92.649387755102
"609","Wainwright, Adam","FC",-1.12735705209657,6.31552731893266,2410.73951715375,84.2900889453621
"610","Wainwright, Adam","FF",-1.14725085910653,6.28769759450172,2234.03780068729,88.0209621993127
"611","Wainwright, Adam","SI",-1.11807825086306,6.22835443037975,2200.57767548907,88.5891829689298
"612","Walker, Taijuan","FC",-2.25307228915663,6.41397590361446,2327.77710843374,88.5463855421687
"613","Walker, Taijuan","FF",-2.11375675675676,6.48821621621622,2148.78108108108,93.7193243243243
"614","Walker, Taijuan","SI",-2.12492857142857,6.44367857142857,2022.35714285714,92.8835714285714
"615","Wantz, Andrew","FC",-1.94613138686131,5.98627737226277,2567.09489051095,87.8839416058394
"616","Wantz, Andrew","FF",-1.62712895377129,6.15501216545012,2366.13868613139,93.7588807785888
"617","Warren, Art","FF",-2.13586080586081,5.80802197802198,2249.8021978022,93.4695970695971
"618","Watkins, Spenser","FC",-1.90563318777293,6.31683406113537,2454.69868995633,87.1117903930131
"619","Watkins, Spenser","FF",-1.807616,6.351968,2259.464,91.36576
"620","Weaver, Luke","FF",-1.47038554216867,5.64272289156627,2372.70361445783,94.8609638554217
"621","Webb, Logan","SI",-1.42339121552605,4.89936670071502,1881.04085801839,91.8173646578141
"622","Weems, Jordan","FF",-1.75033970276008,6.06781316348195,2133.9957537155,96.7995753715499
"623","Wells, Tyler","FC",-1.13024553571429,6.84787946428571,2537.46875,87.4680803571429
"624","Wells, Tyler","FF",-1.05053935860058,6.88838192419825,2459.32361516035,93.5453352769679
"625","Wendelken, J.B.","FF",-2.30543859649123,5.80245614035088,2441.7850877193,94.984649122807
"626","Wesneski, Hayden","FF",-1.73062992125984,5.71377952755905,2148.40157480315,93.1393700787402
"627","Wesneski, Hayden","SI",-2.11189189189189,5.41792792792793,2043.14414414414,91.9279279279279
"628","Wheeler, Zack","FF",-1.57409047160731,5.55762271414822,2394.10683349374,95.9844080846968
"629","Wheeler, Zack","SI",-1.6396674584323,5.46733966745843,2218.07363420428,95.4648456057007
"630","White, Mitch","FF",-1.62201822916667,6.161171875,2276.51041666667,93.6641927083333
"631","White, Mitch","SI",-1.35260504201681,6.15420168067227,2181,94.1663865546219
"632","Whitley, Kodi","FF",-0.500152671755725,6.30145038167939,2241.10687022901,93.4137404580153
"633","Whitlock, Garrett","SI",-1.58521739130435,5.5768115942029,2151.59420289855,95.3046376811594
"634","Wick, Rowan","FC",-1.53918367346939,5.84392857142857,2240.14795918367,93.1025510204082
"635","Wick, Rowan","FF",-1.51792063492063,5.84171428571429,2255.45079365079,94.8763492063492
"636","Widener, Taylor","FF",-2.50307692307692,5.31113122171946,2205.94117647059,93.9882352941176
"637","Williams, Devin","FF",-1.76406947890819,5.42826302729529,2267.55831265509,93.9250620347395
"638","Williams, Trevor","FF",-2.29265141318977,5.00959623149394,2241.74427994616,91.2165545087483
"639","Williams, Trevor","SI",-2.36717514124294,4.90864406779661,1918.13559322034,88.9813559322034
"640","Wilson, Bryse","FF",-1.86269406392694,5.58086757990868,2034.01141552511,92.6808219178082
"641","Wilson, Bryse","SI",-1.76969645868465,5.47903878583474,1957.76728499157,92.0989881956155
"642","Wilson, Steven","FF",-1.61701754385965,5.59572368421053,2366.02850877193,95.0598684210526
"643","Winckowski, Josh","FC",-1.88325203252033,6.01040650406504,2140.31707317073,88.6382113821138
"644","Winckowski, Josh","FF",-1.52103896103896,6.0874025974026,2200.62987012987,93.6772727272727
"645","Winckowski, Josh","SI",-1.8906768558952,5.90504366812227,2031.27074235808,94.0010917030568
"646","Winder, Josh","FF",-0.664177777777778,6.28335555555556,2023.28222222222,94.0115555555556
"647","Wittgren, Nick","FC",-2.22038834951456,5.6078640776699,2241.36893203883,88.0922330097087
"648","Wittgren, Nick","FF",-2.09850649350649,5.71175324675325,2036.96103896104,91.4162337662338
"649","Woodford, Jake","FF",-2.43496644295302,5.77771812080537,2203.14093959732,92.4248322147651
"650","Woodford, Jake","SI",-2.61093984962406,5.62872180451128,2026.76315789474,91.8484962406015
"651","Woodruff, Brandon","FF",-1.22531958762887,5.89223711340206,2350.04432989691,96.2798969072165
"652","Woodruff, Brandon","SI",-1.23334558823529,5.89167279411765,2286.08272058824,95.8027573529412
"653","Wright, Kyle","FF",-1.86696911196911,5.52828185328185,2384.7528957529,95.123166023166
"654","Wright, Kyle","SI",-1.83787267080745,5.44537267080745,2260.35714285714,94.3802795031056
"655","Yacabonis, Jimmy","SI",-2.21907514450867,5.47774566473988,2239.47976878613,93.7381502890173
"656","Yajure, Miguel","FF",-1.24979020979021,6.17153846153846,2324.8951048951,92.913986013986
"657","Zeuch, T.J.","SI",-1.37833333333333,5.76019607843137,2130.07843137255,91.8852941176471
"658","deGrom, Jacob","FF",-1.47491031390135,5.56793721973094,2515.89237668161,98.8739910313901
